prioridad,agencia,fit_sl26,fuentes,busqueda_linkedin,busqueda_google_xray,encontrados,revisado
1,10 STAR Agency,STRONG 5,ICP-wave3,https://www.linkedin.com/search/results/people/?keywords=%2210%20STAR%20Agency%22%20AND%20%28%22business%20development%22%20OR%20%22new%20business%22%20OR%20%22account%20director%22%20OR%20%22client%20partner%22%20OR%20%22partnerships%22%20OR%20%22sales%22%29,https://www.google.com/search?q=site%3Alinkedin.com/in%20%2210%20STAR%20Agency%22%20%28%22business%20development%22%20OR%20%22new%20business%22%20OR%20%22account%20director%22%20OR%20partnerships%29%20%22Los%20Angeles%22,,
1,2113 Labs,STRONG 5,ICP-wave3,https://www.linkedin.com/search/results/people/?keywords=%222113%20Labs%22%20AND%20%28%22business%20development%22%20OR%20%22new%20business%22%20OR%20%22account%20director%22%20OR%20%22client%20partner%22%20OR%20%22partnerships%22%20OR%20%22sales%22%29,https://www.google.com/search?q=site%3Alinkedin.com/in%20%222113%20Labs%22%20%28%22business%20development%22%20OR%20%22new%20business%22%20OR%20%22account%20director%22%20OR%20partnerships%29%20%22Los%20Angeles%22,,
1,2Heads Global Design (Spiro),STRONG 5,ICP-wave3,https://www.linkedin.com/search/results/people/?keywords=%222Heads%20Global%20Design%20%28Spiro%29%22%20AND%20%28%22business%20development%22%20OR%20%22new%20business%22%20OR%20%22account%20director%22%20OR%20%22client%20partner%22%20OR%20%22partnerships%22%20OR%20%22sales%22%29,https://www.google.com/search?q=site%3Alinkedin.com/in%20%222Heads%20Global%20Design%20%28Spiro%29%22%20%28%22business%20development%22%20OR%20%22new%20business%22%20OR%20%22account%20director%22%20OR%20partnerships%29%20%22Los%20Angeles%22,,
1,3rd Ave,STRONG 5,ICP-wave3,https://www.linkedin.com/search/results/people/?keywords=%223rd%20Ave%22%20AND%20%28%22business%20development%22%20OR%20%22new%20business%22%20OR%20%22account%20director%22%20OR%20%22client%20partner%22%20OR%20%22partnerships%22%20OR%20%22sales%22%29,https://www.google.com/search?q=site%3Alinkedin.com/in%20%223rd%20Ave%22%20%28%22business%20development%22%20OR%20%22new%20business%22%20OR%20%22account%20director%22%20OR%20partnerships%29%20%22Los%20Angeles%22,,
1,AGENC Experiential & Digital Marketing,STRONG 5,ICP-wave3,https://www.linkedin.com/search/results/people/?keywords=%22AGENC%20Experiential%20%26%20Digital%20Marketing%22%20AND%20%28%22business%20development%22%20OR%20%22new%20business%22%20OR%20%22account%20director%22%20OR%20%22client%20partner%22%20OR%20%22partnerships%22%20OR%20%22sales%22%29,https://www.google.com/search?q=site%3Alinkedin.com/in%20%22AGENC%20Experiential%20%26%20Digital%20Marketing%22%20%28%22business%20development%22%20OR%20%22new%20business%22%20OR%20%22account%20director%22%20OR%20partnerships%29%20%22Los%20Angeles%22,,
1,ALT TERRAIN,STRONG 5,ICP-wave3,https://www.linkedin.com/search/results/people/?keywords=%22ALT%20TERRAIN%22%20AND%20%28%22business%20development%22%20OR%20%22new%20business%22%20OR%20%22account%20director%22%20OR%20%22client%20partner%22%20OR%20%22partnerships%22%20OR%20%22sales%22%29,https://www.google.com/search?q=site%3Alinkedin.com/in%20%22ALT%20TERRAIN%22%20%28%22business%20development%22%20OR%20%22new%20business%22%20OR%20%22account%20director%22%20OR%20partnerships%29%20%22Los%20Angeles%22,,
1,ASV Inc.,STRONG 5,ICP-wave3,https://www.linkedin.com/search/results/people/?keywords=%22ASV%20Inc.%22%20AND%20%28%22business%20development%22%20OR%20%22new%20business%22%20OR%20%22account%20director%22%20OR%20%22client%20partner%22%20OR%20%22partnerships%22%20OR%20%22sales%22%29,https://www.google.com/search?q=site%3Alinkedin.com/in%20%22ASV%20Inc.%22%20%28%22business%20development%22%20OR%20%22new%20business%22%20OR%20%22account%20director%22%20OR%20partnerships%29%20%22Los%20Angeles%22,,
1,Allied Experiential,STRONG 5,ICP-wave3,https://www.linkedin.com/search/results/people/?keywords=%22Allied%20Experiential%22%20AND%20%28%22business%20development%22%20OR%20%22new%20business%22%20OR%20%22account%20director%22%20OR%20%22client%20partner%22%20OR%20%22partnerships%22%20OR%20%22sales%22%29,https://www.google.com/search?q=site%3Alinkedin.com/in%20%22Allied%20Experiential%22%20%28%22business%20development%22%20OR%20%22new%20business%22%20OR%20%22account%20director%22%20OR%20partnerships%29%20%22Los%20Angeles%22,,
1,BeCore,STRONG 5,ICP-wave3,https://www.linkedin.com/search/results/people/?keywords=%22BeCore%22%20AND%20%28%22business%20development%22%20OR%20%22new%20business%22%20OR%20%22account%20director%22%20OR%20%22client%20partner%22%20OR%20%22partnerships%22%20OR%20%22sales%22%29,https://www.google.com/search?q=site%3Alinkedin.com/in%20%22BeCore%22%20%28%22business%20development%22%20OR%20%22new%20business%22%20OR%20%22account%20director%22%20OR%20partnerships%29%20%22Los%20Angeles%22,,
1,Best Events LA,,PDF-Coachella(en persona),https://www.linkedin.com/search/results/people/?keywords=%22Best%20Events%20LA%22%20AND%20%28%22business%20development%22%20OR%20%22new%20business%22%20OR%20%22account%20director%22%20OR%20%22client%20partner%22%20OR%20%22partnerships%22%20OR%20%22sales%22%29,https://www.google.com/search?q=site%3Alinkedin.com/in%20%22Best%20Events%20LA%22%20%28%22business%20development%22%20OR%20%22new%20business%22%20OR%20%22account%20director%22%20OR%20partnerships%29%20%22Los%20Angeles%22,,
1,Boost Experiential,STRONG 5,ICP-wave3,https://www.linkedin.com/search/results/people/?keywords=%22Boost%20Experiential%22%20AND%20%28%22business%20development%22%20OR%20%22new%20business%22%20OR%20%22account%20director%22%20OR%20%22client%20partner%22%20OR%20%22partnerships%22%20OR%20%22sales%22%29,https://www.google.com/search?q=site%3Alinkedin.com/in%20%22Boost%20Experiential%22%20%28%22business%20development%22%20OR%20%22new%20business%22%20OR%20%22account%20director%22%20OR%20partnerships%29%20%22Los%20Angeles%22,,
1,Corso MG,,PDF-Coachella(en persona) | PDF-DM-IG | seed-118,https://www.linkedin.com/search/results/people/?keywords=%22Corso%20MG%22%20AND%20%28%22business%20development%22%20OR%20%22new%20business%22%20OR%20%22account%20director%22%20OR%20%22client%20partner%22%20OR%20%22partnerships%22%20OR%20%22sales%22%29,https://www.google.com/search?q=site%3Alinkedin.com/in%20%22Corso%20MG%22%20%28%22business%20development%22%20OR%20%22new%20business%22%20OR%20%22account%20director%22%20OR%20partnerships%29%20%22Los%20Angeles%22,,
1,Department of Wonder,,PDF-Coachella(en persona) | seed-118,https://www.linkedin.com/search/results/people/?keywords=%22Department%20of%20Wonder%22%20AND%20%28%22business%20development%22%20OR%20%22new%20business%22%20OR%20%22account%20director%22%20OR%20%22client%20partner%22%20OR%20%22partnerships%22%20OR%20%22sales%22%29,https://www.google.com/search?q=site%3Alinkedin.com/in%20%22Department%20of%20Wonder%22%20%28%22business%20development%22%20OR%20%22new%20business%22%20OR%20%22account%20director%22%20OR%20partnerships%29%20%22Los%20Angeles%22,,
1,EIDETIC Marketing,STRONG 5,ICP-wave3,https://www.linkedin.com/search/results/people/?keywords=%22EIDETIC%20Marketing%22%20AND%20%28%22business%20development%22%20OR%20%22new%20business%22%20OR%20%22account%20director%22%20OR%20%22client%20partner%22%20OR%20%22partnerships%22%20OR%20%22sales%22%29,https://www.google.com/search?q=site%3Alinkedin.com/in%20%22EIDETIC%20Marketing%22%20%28%22business%20development%22%20OR%20%22new%20business%22%20OR%20%22account%20director%22%20OR%20partnerships%29%20%22Los%20Angeles%22,,
1,Episode One,,PDF-Coachella(en persona) | seed-118,https://www.linkedin.com/search/results/people/?keywords=%22Episode%20One%22%20AND%20%28%22business%20development%22%20OR%20%22new%20business%22%20OR%20%22account%20director%22%20OR%20%22client%20partner%22%20OR%20%22partnerships%22%20OR%20%22sales%22%29,https://www.google.com/search?q=site%3Alinkedin.com/in%20%22Episode%20One%22%20%28%22business%20development%22%20OR%20%22new%20business%22%20OR%20%22account%20director%22%20OR%20partnerships%29%20%22Los%20Angeles%22,,
1,Evolve Activation,STRONG 5,ICP-wave3,https://www.linkedin.com/search/results/people/?keywords=%22Evolve%20Activation%22%20AND%20%28%22business%20development%22%20OR%20%22new%20business%22%20OR%20%22account%20director%22%20OR%20%22client%20partner%22%20OR%20%22partnerships%22%20OR%20%22sales%22%29,https://www.google.com/search?q=site%3Alinkedin.com/in%20%22Evolve%20Activation%22%20%28%22business%20development%22%20OR%20%22new%20business%22%20OR%20%22account%20director%22%20OR%20partnerships%29%20%22Los%20Angeles%22,,
1,FG|PG (Freddie Georges Production Group),STRONG 5,ICP-wave3,https://www.linkedin.com/search/results/people/?keywords=%22FG%7CPG%20%28Freddie%20Georges%20Production%20Group%29%22%20AND%20%28%22business%20development%22%20OR%20%22new%20business%22%20OR%20%22account%20director%22%20OR%20%22client%20partner%22%20OR%20%22partnerships%22%20OR%20%22sales%22%29,https://www.google.com/search?q=site%3Alinkedin.com/in%20%22FG%7CPG%20%28Freddie%20Georges%20Production%20Group%29%22%20%28%22business%20development%22%20OR%20%22new%20business%22%20OR%20%22account%20director%22%20OR%20partnerships%29%20%22Los%20Angeles%22,,
1,Giant Spoon,STRONG 5,ICP-wave3,https://www.linkedin.com/search/results/people/?keywords=%22Giant%20Spoon%22%20AND%20%28%22business%20development%22%20OR%20%22new%20business%22%20OR%20%22account%20director%22%20OR%20%22client%20partner%22%20OR%20%22partnerships%22%20OR%20%22sales%22%29,https://www.google.com/search?q=site%3Alinkedin.com/in%20%22Giant%20Spoon%22%20%28%22business%20development%22%20OR%20%22new%20business%22%20OR%20%22account%20director%22%20OR%20partnerships%29%20%22Los%20Angeles%22,,
1,Good Sense & Co.,,PDF-Coachella(en persona) | seed-118,https://www.linkedin.com/search/results/people/?keywords=%22Good%20Sense%20%26%20Co.%22%20AND%20%28%22business%20development%22%20OR%20%22new%20business%22%20OR%20%22account%20director%22%20OR%20%22client%20partner%22%20OR%20%22partnerships%22%20OR%20%22sales%22%29,https://www.google.com/search?q=site%3Alinkedin.com/in%20%22Good%20Sense%20%26%20Co.%22%20%28%22business%20development%22%20OR%20%22new%20business%22%20OR%20%22account%20director%22%20OR%20partnerships%29%20%22Los%20Angeles%22,,
1,Hatch.IM,STRONG 5,ICP-wave3,https://www.linkedin.com/search/results/people/?keywords=%22Hatch.IM%22%20AND%20%28%22business%20development%22%20OR%20%22new%20business%22%20OR%20%22account%20director%22%20OR%20%22client%20partner%22%20OR%20%22partnerships%22%20OR%20%22sales%22%29,https://www.google.com/search?q=site%3Alinkedin.com/in%20%22Hatch.IM%22%20%28%22business%20development%22%20OR%20%22new%20business%22%20OR%20%22account%20director%22%20OR%20partnerships%29%20%22Los%20Angeles%22,,
1,Infinity Marketing Team,STRONG 5,ICP-wave3,https://www.linkedin.com/search/results/people/?keywords=%22Infinity%20Marketing%20Team%22%20AND%20%28%22business%20development%22%20OR%20%22new%20business%22%20OR%20%22account%20director%22%20OR%20%22client%20partner%22%20OR%20%22partnerships%22%20OR%20%22sales%22%29,https://www.google.com/search?q=site%3Alinkedin.com/in%20%22Infinity%20Marketing%20Team%22%20%28%22business%20development%22%20OR%20%22new%20business%22%20OR%20%22account%20director%22%20OR%20partnerships%29%20%22Los%20Angeles%22,,
1,Innovate Marketing Group,STRONG 5,ICP-wave3,https://www.linkedin.com/search/results/people/?keywords=%22Innovate%20Marketing%20Group%22%20AND%20%28%22business%20development%22%20OR%20%22new%20business%22%20OR%20%22account%20director%22%20OR%20%22client%20partner%22%20OR%20%22partnerships%22%20OR%20%22sales%22%29,https://www.google.com/search?q=site%3Alinkedin.com/in%20%22Innovate%20Marketing%20Group%22%20%28%22business%20development%22%20OR%20%22new%20business%22%20OR%20%22account%20director%22%20OR%20partnerships%29%20%22Los%20Angeles%22,,
1,Jack Morton Worldwide,STRONG 5,ICP-wave3,https://www.linkedin.com/search/results/people/?keywords=%22Jack%20Morton%20Worldwide%22%20AND%20%28%22business%20development%22%20OR%20%22new%20business%22%20OR%20%22account%20director%22%20OR%20%22client%20partner%22%20OR%20%22partnerships%22%20OR%20%22sales%22%29,https://www.google.com/search?q=site%3Alinkedin.com/in%20%22Jack%20Morton%20Worldwide%22%20%28%22business%20development%22%20OR%20%22new%20business%22%20OR%20%22account%20director%22%20OR%20partnerships%29%20%22Los%20Angeles%22,,
1,MKG (thisismkg),STRONG 5,ICP-wave3,https://www.linkedin.com/search/results/people/?keywords=%22MKG%20%28thisismkg%29%22%20AND%20%28%22business%20development%22%20OR%20%22new%20business%22%20OR%20%22account%20director%22%20OR%20%22client%20partner%22%20OR%20%22partnerships%22%20OR%20%22sales%22%29,https://www.google.com/search?q=site%3Alinkedin.com/in%20%22MKG%20%28thisismkg%29%22%20%28%22business%20development%22%20OR%20%22new%20business%22%20OR%20%22account%20director%22%20OR%20partnerships%29%20%22Los%20Angeles%22,,
1,MKTG,STRONG 5,ICP-wave3,https://www.linkedin.com/search/results/people/?keywords=%22MKTG%22%20AND%20%28%22business%20development%22%20OR%20%22new%20business%22%20OR%20%22account%20director%22%20OR%20%22client%20partner%22%20OR%20%22partnerships%22%20OR%20%22sales%22%29,https://www.google.com/search?q=site%3Alinkedin.com/in%20%22MKTG%22%20%28%22business%20development%22%20OR%20%22new%20business%22%20OR%20%22account%20director%22%20OR%20partnerships%29%20%22Los%20Angeles%22,,
1,Mirrored Media,STRONG 5,ICP-wave3 | PDF-Coachella(en persona) | seed-118,https://www.linkedin.com/search/results/people/?keywords=%22Mirrored%20Media%22%20AND%20%28%22business%20development%22%20OR%20%22new%20business%22%20OR%20%22account%20director%22%20OR%20%22client%20partner%22%20OR%20%22partnerships%22%20OR%20%22sales%22%29,https://www.google.com/search?q=site%3Alinkedin.com/in%20%22Mirrored%20Media%22%20%28%22business%20development%22%20OR%20%22new%20business%22%20OR%20%22account%20director%22%20OR%20partnerships%29%20%22Los%20Angeles%22,,
1,NRG Experiential,STRONG 5,ICP-wave3,https://www.linkedin.com/search/results/people/?keywords=%22NRG%20Experiential%22%20AND%20%28%22business%20development%22%20OR%20%22new%20business%22%20OR%20%22account%20director%22%20OR%20%22client%20partner%22%20OR%20%22partnerships%22%20OR%20%22sales%22%29,https://www.google.com/search?q=site%3Alinkedin.com/in%20%22NRG%20Experiential%22%20%28%22business%20development%22%20OR%20%22new%20business%22%20OR%20%22account%20director%22%20OR%20partnerships%29%20%22Los%20Angeles%22,,
1,NVE Experience Agency,STRONG 5,ICP-wave3 | PDF-DM-IG | seed-118,https://www.linkedin.com/search/results/people/?keywords=%22NVE%20Experience%20Agency%22%20AND%20%28%22business%20development%22%20OR%20%22new%20business%22%20OR%20%22account%20director%22%20OR%20%22client%20partner%22%20OR%20%22partnerships%22%20OR%20%22sales%22%29,https://www.google.com/search?q=site%3Alinkedin.com/in%20%22NVE%20Experience%20Agency%22%20%28%22business%20development%22%20OR%20%22new%20business%22%20OR%20%22account%20director%22%20OR%20partnerships%29%20%22Los%20Angeles%22,,
1,On Board Experiential (OBE),STRONG 5,ICP-wave3 | seed-118,https://www.linkedin.com/search/results/people/?keywords=%22On%20Board%20Experiential%20%28OBE%29%22%20AND%20%28%22business%20development%22%20OR%20%22new%20business%22%20OR%20%22account%20director%22%20OR%20%22client%20partner%22%20OR%20%22partnerships%22%20OR%20%22sales%22%29,https://www.google.com/search?q=site%3Alinkedin.com/in%20%22On%20Board%20Experiential%20%28OBE%29%22%20%28%22business%20development%22%20OR%20%22new%20business%22%20OR%20%22account%20director%22%20OR%20partnerships%29%20%22Los%20Angeles%22,,
1,Onboard Experiential,,PDF-Coachella(en persona),https://www.linkedin.com/search/results/people/?keywords=%22Onboard%20Experiential%22%20AND%20%28%22business%20development%22%20OR%20%22new%20business%22%20OR%20%22account%20director%22%20OR%20%22client%20partner%22%20OR%20%22partnerships%22%20OR%20%22sales%22%29,https://www.google.com/search?q=site%3Alinkedin.com/in%20%22Onboard%20Experiential%22%20%28%22business%20development%22%20OR%20%22new%20business%22%20OR%20%22account%20director%22%20OR%20partnerships%29%20%22Los%20Angeles%22,,
1,PET GORILLA,STRONG 5,ICP-wave3,https://www.linkedin.com/search/results/people/?keywords=%22PET%20GORILLA%22%20AND%20%28%22business%20development%22%20OR%20%22new%20business%22%20OR%20%22account%20director%22%20OR%20%22client%20partner%22%20OR%20%22partnerships%22%20OR%20%22sales%22%29,https://www.google.com/search?q=site%3Alinkedin.com/in%20%22PET%20GORILLA%22%20%28%22business%20development%22%20OR%20%22new%20business%22%20OR%20%22account%20director%22%20OR%20partnerships%29%20%22Los%20Angeles%22,,
1,Pico Group,STRONG 5,ICP-wave3,https://www.linkedin.com/search/results/people/?keywords=%22Pico%20Group%22%20AND%20%28%22business%20development%22%20OR%20%22new%20business%22%20OR%20%22account%20director%22%20OR%20%22client%20partner%22%20OR%20%22partnerships%22%20OR%20%22sales%22%29,https://www.google.com/search?q=site%3Alinkedin.com/in%20%22Pico%20Group%22%20%28%22business%20development%22%20OR%20%22new%20business%22%20OR%20%22account%20director%22%20OR%20partnerships%29%20%22Los%20Angeles%22,,
1,RMNG,STRONG 5,ICP-wave3,https://www.linkedin.com/search/results/people/?keywords=%22RMNG%22%20AND%20%28%22business%20development%22%20OR%20%22new%20business%22%20OR%20%22account%20director%22%20OR%20%22client%20partner%22%20OR%20%22partnerships%22%20OR%20%22sales%22%29,https://www.google.com/search?q=site%3Alinkedin.com/in%20%22RMNG%22%20%28%22business%20development%22%20OR%20%22new%20business%22%20OR%20%22account%20director%22%20OR%20partnerships%29%20%22Los%20Angeles%22,,
1,Rebel and Road,,PDF-Coachella(en persona) | seed-118,https://www.linkedin.com/search/results/people/?keywords=%22Rebel%20and%20Road%22%20AND%20%28%22business%20development%22%20OR%20%22new%20business%22%20OR%20%22account%20director%22%20OR%20%22client%20partner%22%20OR%20%22partnerships%22%20OR%20%22sales%22%29,https://www.google.com/search?q=site%3Alinkedin.com/in%20%22Rebel%20and%20Road%22%20%28%22business%20development%22%20OR%20%22new%20business%22%20OR%20%22account%20director%22%20OR%20partnerships%29%20%22Los%20Angeles%22,,
1,Revolution Marketing,,PDF-Coachella(en persona) | seed-118,https://www.linkedin.com/search/results/people/?keywords=%22Revolution%20Marketing%22%20AND%20%28%22business%20development%22%20OR%20%22new%20business%22%20OR%20%22account%20director%22%20OR%20%22client%20partner%22%20OR%20%22partnerships%22%20OR%20%22sales%22%29,https://www.google.com/search?q=site%3Alinkedin.com/in%20%22Revolution%20Marketing%22%20%28%22business%20development%22%20OR%20%22new%20business%22%20OR%20%22account%20director%22%20OR%20partnerships%29%20%22Los%20Angeles%22,,
1,Sparks,,PDF-Coachella(en persona) | seed-118,https://www.linkedin.com/search/results/people/?keywords=%22Sparks%22%20AND%20%28%22business%20development%22%20OR%20%22new%20business%22%20OR%20%22account%20director%22%20OR%20%22client%20partner%22%20OR%20%22partnerships%22%20OR%20%22sales%22%29,https://www.google.com/search?q=site%3Alinkedin.com/in%20%22Sparks%22%20%28%22business%20development%22%20OR%20%22new%20business%22%20OR%20%22account%20director%22%20OR%20partnerships%29%20%22Los%20Angeles%22,,
1,TBA Global,STRONG 5,ICP-wave3,https://www.linkedin.com/search/results/people/?keywords=%22TBA%20Global%22%20AND%20%28%22business%20development%22%20OR%20%22new%20business%22%20OR%20%22account%20director%22%20OR%20%22client%20partner%22%20OR%20%22partnerships%22%20OR%20%22sales%22%29,https://www.google.com/search?q=site%3Alinkedin.com/in%20%22TBA%20Global%22%20%28%22business%20development%22%20OR%20%22new%20business%22%20OR%20%22account%20director%22%20OR%20partnerships%29%20%22Los%20Angeles%22,,
1,The Bait Shoppe,,PDF-Coachella(en persona) | seed-118,https://www.linkedin.com/search/results/people/?keywords=%22The%20Bait%20Shoppe%22%20AND%20%28%22business%20development%22%20OR%20%22new%20business%22%20OR%20%22account%20director%22%20OR%20%22client%20partner%22%20OR%20%22partnerships%22%20OR%20%22sales%22%29,https://www.google.com/search?q=site%3Alinkedin.com/in%20%22The%20Bait%20Shoppe%22%20%28%22business%20development%22%20OR%20%22new%20business%22%20OR%20%22account%20director%22%20OR%20partnerships%29%20%22Los%20Angeles%22,,
1,VEE Agency,STRONG 5,ICP-wave3,https://www.linkedin.com/search/results/people/?keywords=%22VEE%20Agency%22%20AND%20%28%22business%20development%22%20OR%20%22new%20business%22%20OR%20%22account%20director%22%20OR%20%22client%20partner%22%20OR%20%22partnerships%22%20OR%20%22sales%22%29,https://www.google.com/search?q=site%3Alinkedin.com/in%20%22VEE%20Agency%22%20%28%22business%20development%22%20OR%20%22new%20business%22%20OR%20%22account%20director%22%20OR%20partnerships%29%20%22Los%20Angeles%22,,
1,We Are Swell,,PDF-Coachella(en persona) | seed-118,https://www.linkedin.com/search/results/people/?keywords=%22We%20Are%20Swell%22%20AND%20%28%22business%20development%22%20OR%20%22new%20business%22%20OR%20%22account%20director%22%20OR%20%22client%20partner%22%20OR%20%22partnerships%22%20OR%20%22sales%22%29,https://www.google.com/search?q=site%3Alinkedin.com/in%20%22We%20Are%20Swell%22%20%28%22business%20development%22%20OR%20%22new%20business%22%20OR%20%22account%20director%22%20OR%20partnerships%29%20%22Los%20Angeles%22,,
1,Whale Film,,PDF-Coachella(en persona) | seed-118,https://www.linkedin.com/search/results/people/?keywords=%22Whale%20Film%22%20AND%20%28%22business%20development%22%20OR%20%22new%20business%22%20OR%20%22account%20director%22%20OR%20%22client%20partner%22%20OR%20%22partnerships%22%20OR%20%22sales%22%29,https://www.google.com/search?q=site%3Alinkedin.com/in%20%22Whale%20Film%22%20%28%22business%20development%22%20OR%20%22new%20business%22%20OR%20%22account%20director%22%20OR%20partnerships%29%20%22Los%20Angeles%22,,
2,1540 Productions,,PDF-DM-IG | seed-118,https://www.linkedin.com/search/results/people/?keywords=%221540%20Productions%22%20AND%20%28%22business%20development%22%20OR%20%22new%20business%22%20OR%20%22account%20director%22%20OR%20%22client%20partner%22%20OR%20%22partnerships%22%20OR%20%22sales%22%29,https://www.google.com/search?q=site%3Alinkedin.com/in%20%221540%20Productions%22%20%28%22business%20development%22%20OR%20%22new%20business%22%20OR%20%22account%20director%22%20OR%20partnerships%29%20%22Los%20Angeles%22,,
2,AKJohnston,,PDF-DM-IG | seed-118,https://www.linkedin.com/search/results/people/?keywords=%22AKJohnston%22%20AND%20%28%22business%20development%22%20OR%20%22new%20business%22%20OR%20%22account%20director%22%20OR%20%22client%20partner%22%20OR%20%22partnerships%22%20OR%20%22sales%22%29,https://www.google.com/search?q=site%3Alinkedin.com/in%20%22AKJohnston%22%20%28%22business%20development%22%20OR%20%22new%20business%22%20OR%20%22account%20director%22%20OR%20partnerships%29%20%22Los%20Angeles%22,,
2,Blue Revolver Inc.,,PDF-DM-IG | seed-118,https://www.linkedin.com/search/results/people/?keywords=%22Blue%20Revolver%20Inc.%22%20AND%20%28%22business%20development%22%20OR%20%22new%20business%22%20OR%20%22account%20director%22%20OR%20%22client%20partner%22%20OR%20%22partnerships%22%20OR%20%22sales%22%29,https://www.google.com/search?q=site%3Alinkedin.com/in%20%22Blue%20Revolver%20Inc.%22%20%28%22business%20development%22%20OR%20%22new%20business%22%20OR%20%22account%20director%22%20OR%20partnerships%29%20%22Los%20Angeles%22,,
2,Cactus Fabrication,,PDF-scraping | seed-118,https://www.linkedin.com/search/results/people/?keywords=%22Cactus%20Fabrication%22%20AND%20%28%22business%20development%22%20OR%20%22new%20business%22%20OR%20%22account%20director%22%20OR%20%22client%20partner%22%20OR%20%22partnerships%22%20OR%20%22sales%22%29,https://www.google.com/search?q=site%3Alinkedin.com/in%20%22Cactus%20Fabrication%22%20%28%22business%20development%22%20OR%20%22new%20business%22%20OR%20%22account%20director%22%20OR%20partnerships%29%20%22Los%20Angeles%22,,
2,Cal Marketing and Promotion Group (CMPG),GOOD 4,ICP-wave3,https://www.linkedin.com/search/results/people/?keywords=%22Cal%20Marketing%20and%20Promotion%20Group%20%28CMPG%29%22%20AND%20%28%22business%20development%22%20OR%20%22new%20business%22%20OR%20%22account%20director%22%20OR%20%22client%20partner%22%20OR%20%22partnerships%22%20OR%20%22sales%22%29,https://www.google.com/search?q=site%3Alinkedin.com/in%20%22Cal%20Marketing%20and%20Promotion%20Group%20%28CMPG%29%22%20%28%22business%20development%22%20OR%20%22new%20business%22%20OR%20%22account%20director%22%20OR%20partnerships%29%20%22Los%20Angeles%22,,
2,Contemporary Productions,GOOD 4,ICP-wave3,https://www.linkedin.com/search/results/people/?keywords=%22Contemporary%20Productions%22%20AND%20%28%22business%20development%22%20OR%20%22new%20business%22%20OR%20%22account%20director%22%20OR%20%22client%20partner%22%20OR%20%22partnerships%22%20OR%20%22sales%22%29,https://www.google.com/search?q=site%3Alinkedin.com/in%20%22Contemporary%20Productions%22%20%28%22business%20development%22%20OR%20%22new%20business%22%20OR%20%22account%20director%22%20OR%20partnerships%29%20%22Los%20Angeles%22,,
2,Deutsch LA,GOOD 4,ICP-wave3,https://www.linkedin.com/search/results/people/?keywords=%22Deutsch%20LA%22%20AND%20%28%22business%20development%22%20OR%20%22new%20business%22%20OR%20%22account%20director%22%20OR%20%22client%20partner%22%20OR%20%22partnerships%22%20OR%20%22sales%22%29,https://www.google.com/search?q=site%3Alinkedin.com/in%20%22Deutsch%20LA%22%20%28%22business%20development%22%20OR%20%22new%20business%22%20OR%20%22account%20director%22%20OR%20partnerships%29%20%22Los%20Angeles%22,,
2,Double A Labs,GOOD 4,ICP-wave3,https://www.linkedin.com/search/results/people/?keywords=%22Double%20A%20Labs%22%20AND%20%28%22business%20development%22%20OR%20%22new%20business%22%20OR%20%22account%20director%22%20OR%20%22client%20partner%22%20OR%20%22partnerships%22%20OR%20%22sales%22%29,https://www.google.com/search?q=site%3Alinkedin.com/in%20%22Double%20A%20Labs%22%20%28%22business%20development%22%20OR%20%22new%20business%22%20OR%20%22account%20director%22%20OR%20partnerships%29%20%22Los%20Angeles%22,,
2,Exhibits Studio LLC,GOOD 4,ICP-wave3,https://www.linkedin.com/search/results/people/?keywords=%22Exhibits%20Studio%20LLC%22%20AND%20%28%22business%20development%22%20OR%20%22new%20business%22%20OR%20%22account%20director%22%20OR%20%22client%20partner%22%20OR%20%22partnerships%22%20OR%20%22sales%22%29,https://www.google.com/search?q=site%3Alinkedin.com/in%20%22Exhibits%20Studio%20LLC%22%20%28%22business%20development%22%20OR%20%22new%20business%22%20OR%20%22account%20director%22%20OR%20partnerships%29%20%22Los%20Angeles%22,,
2,Friend of a Friend Collective,GOOD 4,ICP-wave3,https://www.linkedin.com/search/results/people/?keywords=%22Friend%20of%20a%20Friend%20Collective%22%20AND%20%28%22business%20development%22%20OR%20%22new%20business%22%20OR%20%22account%20director%22%20OR%20%22client%20partner%22%20OR%20%22partnerships%22%20OR%20%22sales%22%29,https://www.google.com/search?q=site%3Alinkedin.com/in%20%22Friend%20of%20a%20Friend%20Collective%22%20%28%22business%20development%22%20OR%20%22new%20business%22%20OR%20%22account%20director%22%20OR%20partnerships%29%20%22Los%20Angeles%22,,
2,Gizmo Media Inc,GOOD 4,ICP-wave3,https://www.linkedin.com/search/results/people/?keywords=%22Gizmo%20Media%20Inc%22%20AND%20%28%22business%20development%22%20OR%20%22new%20business%22%20OR%20%22account%20director%22%20OR%20%22client%20partner%22%20OR%20%22partnerships%22%20OR%20%22sales%22%29,https://www.google.com/search?q=site%3Alinkedin.com/in%20%22Gizmo%20Media%20Inc%22%20%28%22business%20development%22%20OR%20%22new%20business%22%20OR%20%22account%20director%22%20OR%20partnerships%29%20%22Los%20Angeles%22,,
2,Gladiator Productions,,PDF-DM-IG | seed-118,https://www.linkedin.com/search/results/people/?keywords=%22Gladiator%20Productions%22%20AND%20%28%22business%20development%22%20OR%20%22new%20business%22%20OR%20%22account%20director%22%20OR%20%22client%20partner%22%20OR%20%22partnerships%22%20OR%20%22sales%22%29,https://www.google.com/search?q=site%3Alinkedin.com/in%20%22Gladiator%20Productions%22%20%28%22business%20development%22%20OR%20%22new%20business%22%20OR%20%22account%20director%22%20OR%20partnerships%29%20%22Los%20Angeles%22,,
2,Joe Agency,GOOD 4,ICP-wave3,https://www.linkedin.com/search/results/people/?keywords=%22Joe%20Agency%22%20AND%20%28%22business%20development%22%20OR%20%22new%20business%22%20OR%20%22account%20director%22%20OR%20%22client%20partner%22%20OR%20%22partnerships%22%20OR%20%22sales%22%29,https://www.google.com/search?q=site%3Alinkedin.com/in%20%22Joe%20Agency%22%20%28%22business%20development%22%20OR%20%22new%20business%22%20OR%20%22account%20director%22%20OR%20partnerships%29%20%22Los%20Angeles%22,,
2,MKG,,PDF-DM-IG | seed-118,https://www.linkedin.com/search/results/people/?keywords=%22MKG%22%20AND%20%28%22business%20development%22%20OR%20%22new%20business%22%20OR%20%22account%20director%22%20OR%20%22client%20partner%22%20OR%20%22partnerships%22%20OR%20%22sales%22%29,https://www.google.com/search?q=site%3Alinkedin.com/in%20%22MKG%22%20%28%22business%20development%22%20OR%20%22new%20business%22%20OR%20%22account%20director%22%20OR%20partnerships%29%20%22Los%20Angeles%22,,
2,Mile 9,GOOD 4,ICP-wave3,https://www.linkedin.com/search/results/people/?keywords=%22Mile%209%22%20AND%20%28%22business%20development%22%20OR%20%22new%20business%22%20OR%20%22account%20director%22%20OR%20%22client%20partner%22%20OR%20%22partnerships%22%20OR%20%22sales%22%29,https://www.google.com/search?q=site%3Alinkedin.com/in%20%22Mile%209%22%20%28%22business%20development%22%20OR%20%22new%20business%22%20OR%20%22account%20director%22%20OR%20partnerships%29%20%22Los%20Angeles%22,,
2,New Moon,GOOD 4,ICP-wave3,https://www.linkedin.com/search/results/people/?keywords=%22New%20Moon%22%20AND%20%28%22business%20development%22%20OR%20%22new%20business%22%20OR%20%22account%20director%22%20OR%20%22client%20partner%22%20OR%20%22partnerships%22%20OR%20%22sales%22%29,https://www.google.com/search?q=site%3Alinkedin.com/in%20%22New%20Moon%22%20%28%22business%20development%22%20OR%20%22new%20business%22%20OR%20%22account%20director%22%20OR%20partnerships%29%20%22Los%20Angeles%22,,
2,OA Experiential (now Collab),GOOD 4,ICP-wave3,https://www.linkedin.com/search/results/people/?keywords=%22OA%20Experiential%20%28now%20Collab%29%22%20AND%20%28%22business%20development%22%20OR%20%22new%20business%22%20OR%20%22account%20director%22%20OR%20%22client%20partner%22%20OR%20%22partnerships%22%20OR%20%22sales%22%29,https://www.google.com/search?q=site%3Alinkedin.com/in%20%22OA%20Experiential%20%28now%20Collab%29%22%20%28%22business%20development%22%20OR%20%22new%20business%22%20OR%20%22account%20director%22%20OR%20partnerships%29%20%22Los%20Angeles%22,,
2,OM Digital,GOOD 4,ICP-wave3,https://www.linkedin.com/search/results/people/?keywords=%22OM%20Digital%22%20AND%20%28%22business%20development%22%20OR%20%22new%20business%22%20OR%20%22account%20director%22%20OR%20%22client%20partner%22%20OR%20%22partnerships%22%20OR%20%22sales%22%29,https://www.google.com/search?q=site%3Alinkedin.com/in%20%22OM%20Digital%22%20%28%22business%20development%22%20OR%20%22new%20business%22%20OR%20%22account%20director%22%20OR%20partnerships%29%20%22Los%20Angeles%22,,
2,Production Club,,PDF-DM-IG | seed-118,https://www.linkedin.com/search/results/people/?keywords=%22Production%20Club%22%20AND%20%28%22business%20development%22%20OR%20%22new%20business%22%20OR%20%22account%20director%22%20OR%20%22client%20partner%22%20OR%20%22partnerships%22%20OR%20%22sales%22%29,https://www.google.com/search?q=site%3Alinkedin.com/in%20%22Production%20Club%22%20%28%22business%20development%22%20OR%20%22new%20business%22%20OR%20%22account%20director%22%20OR%20partnerships%29%20%22Los%20Angeles%22,,
2,SG Cartel,GOOD 4,ICP-wave3,https://www.linkedin.com/search/results/people/?keywords=%22SG%20Cartel%22%20AND%20%28%22business%20development%22%20OR%20%22new%20business%22%20OR%20%22account%20director%22%20OR%20%22client%20partner%22%20OR%20%22partnerships%22%20OR%20%22sales%22%29,https://www.google.com/search?q=site%3Alinkedin.com/in%20%22SG%20Cartel%22%20%28%22business%20development%22%20OR%20%22new%20business%22%20OR%20%22account%20director%22%20OR%20partnerships%29%20%22Los%20Angeles%22,,
2,Say Ok,GOOD 4,ICP-wave3,https://www.linkedin.com/search/results/people/?keywords=%22Say%20Ok%22%20AND%20%28%22business%20development%22%20OR%20%22new%20business%22%20OR%20%22account%20director%22%20OR%20%22client%20partner%22%20OR%20%22partnerships%22%20OR%20%22sales%22%29,https://www.google.com/search?q=site%3Alinkedin.com/in%20%22Say%20Ok%22%20%28%22business%20development%22%20OR%20%22new%20business%22%20OR%20%22account%20director%22%20OR%20partnerships%29%20%22Los%20Angeles%22,,
2,Wonder,GOOD 4,ICP-wave3,https://www.linkedin.com/search/results/people/?keywords=%22Wonder%22%20AND%20%28%22business%20development%22%20OR%20%22new%20business%22%20OR%20%22account%20director%22%20OR%20%22client%20partner%22%20OR%20%22partnerships%22%20OR%20%22sales%22%29,https://www.google.com/search?q=site%3Alinkedin.com/in%20%22Wonder%22%20%28%22business%20development%22%20OR%20%22new%20business%22%20OR%20%22account%20director%22%20OR%20partnerships%29%20%22Los%20Angeles%22,,
2,Yes Creative Co,,PDF-DM-IG | seed-118,https://www.linkedin.com/search/results/people/?keywords=%22Yes%20Creative%20Co%22%20AND%20%28%22business%20development%22%20OR%20%22new%20business%22%20OR%20%22account%20director%22%20OR%20%22client%20partner%22%20OR%20%22partnerships%22%20OR%20%22sales%22%29,https://www.google.com/search?q=site%3Alinkedin.com/in%20%22Yes%20Creative%20Co%22%20%28%22business%20development%22%20OR%20%22new%20business%22%20OR%20%22account%20director%22%20OR%20partnerships%29%20%22Los%20Angeles%22,,
3,11th St. Workshop,,PDF-scraping,https://www.linkedin.com/search/results/people/?keywords=%2211th%20St.%20Workshop%22%20AND%20%28%22business%20development%22%20OR%20%22new%20business%22%20OR%20%22account%20director%22%20OR%20%22client%20partner%22%20OR%20%22partnerships%22%20OR%20%22sales%22%29,https://www.google.com/search?q=site%3Alinkedin.com/in%20%2211th%20St.%20Workshop%22%20%28%22business%20development%22%20OR%20%22new%20business%22%20OR%20%22account%20director%22%20OR%20partnerships%29%20%22Los%20Angeles%22,,
3,133 Studio,,PDF-scraping,https://www.linkedin.com/search/results/people/?keywords=%22133%20Studio%22%20AND%20%28%22business%20development%22%20OR%20%22new%20business%22%20OR%20%22account%20director%22%20OR%20%22client%20partner%22%20OR%20%22partnerships%22%20OR%20%22sales%22%29,https://www.google.com/search?q=site%3Alinkedin.com/in%20%22133%20Studio%22%20%28%22business%20development%22%20OR%20%22new%20business%22%20OR%20%22account%20director%22%20OR%20partnerships%29%20%22Los%20Angeles%22,,
3,3CS Productions,,PDF-scraping,https://www.linkedin.com/search/results/people/?keywords=%223CS%20Productions%22%20AND%20%28%22business%20development%22%20OR%20%22new%20business%22%20OR%20%22account%20director%22%20OR%20%22client%20partner%22%20OR%20%22partnerships%22%20OR%20%22sales%22%29,https://www.google.com/search?q=site%3Alinkedin.com/in%20%223CS%20Productions%22%20%28%22business%20development%22%20OR%20%22new%20business%22%20OR%20%22account%20director%22%20OR%20partnerships%29%20%22Los%20Angeles%22,,
3,72&Sunny,,seed-118,https://www.linkedin.com/search/results/people/?keywords=%2272%26Sunny%22%20AND%20%28%22business%20development%22%20OR%20%22new%20business%22%20OR%20%22account%20director%22%20OR%20%22client%20partner%22%20OR%20%22partnerships%22%20OR%20%22sales%22%29,https://www.google.com/search?q=site%3Alinkedin.com/in%20%2272%26Sunny%22%20%28%22business%20development%22%20OR%20%22new%20business%22%20OR%20%22account%20director%22%20OR%20partnerships%29%20%22Los%20Angeles%22,,
3,9F Music Marketing,,PDF-scraping,https://www.linkedin.com/search/results/people/?keywords=%229F%20Music%20Marketing%22%20AND%20%28%22business%20development%22%20OR%20%22new%20business%22%20OR%20%22account%20director%22%20OR%20%22client%20partner%22%20OR%20%22partnerships%22%20OR%20%22sales%22%29,https://www.google.com/search?q=site%3Alinkedin.com/in%20%229F%20Music%20Marketing%22%20%28%22business%20development%22%20OR%20%22new%20business%22%20OR%20%22account%20director%22%20OR%20partnerships%29%20%22Los%20Angeles%22,,
3,ATRBUTE & Compadre (Known),,seed-118,https://www.linkedin.com/search/results/people/?keywords=%22ATRBUTE%20%26%20Compadre%20%28Known%29%22%20AND%20%28%22business%20development%22%20OR%20%22new%20business%22%20OR%20%22account%20director%22%20OR%20%22client%20partner%22%20OR%20%22partnerships%22%20OR%20%22sales%22%29,https://www.google.com/search?q=site%3Alinkedin.com/in%20%22ATRBUTE%20%26%20Compadre%20%28Known%29%22%20%28%22business%20development%22%20OR%20%22new%20business%22%20OR%20%22account%20director%22%20OR%20partnerships%29%20%22Los%20Angeles%22,,
3,Accenture Song,,seed-118,https://www.linkedin.com/search/results/people/?keywords=%22Accenture%20Song%22%20AND%20%28%22business%20development%22%20OR%20%22new%20business%22%20OR%20%22account%20director%22%20OR%20%22client%20partner%22%20OR%20%22partnerships%22%20OR%20%22sales%22%29,https://www.google.com/search?q=site%3Alinkedin.com/in%20%22Accenture%20Song%22%20%28%22business%20development%22%20OR%20%22new%20business%22%20OR%20%22account%20director%22%20OR%20partnerships%29%20%22Los%20Angeles%22,,
3,Acronym,,PDF-scraping,https://www.linkedin.com/search/results/people/?keywords=%22Acronym%22%20AND%20%28%22business%20development%22%20OR%20%22new%20business%22%20OR%20%22account%20director%22%20OR%20%22client%20partner%22%20OR%20%22partnerships%22%20OR%20%22sales%22%29,https://www.google.com/search?q=site%3Alinkedin.com/in%20%22Acronym%22%20%28%22business%20development%22%20OR%20%22new%20business%22%20OR%20%22account%20director%22%20OR%20partnerships%29%20%22Los%20Angeles%22,,
3,AdWaken.ai,,seed-118,https://www.linkedin.com/search/results/people/?keywords=%22AdWaken.ai%22%20AND%20%28%22business%20development%22%20OR%20%22new%20business%22%20OR%20%22account%20director%22%20OR%20%22client%20partner%22%20OR%20%22partnerships%22%20OR%20%22sales%22%29,https://www.google.com/search?q=site%3Alinkedin.com/in%20%22AdWaken.ai%22%20%28%22business%20development%22%20OR%20%22new%20business%22%20OR%20%22account%20director%22%20OR%20partnerships%29%20%22Los%20Angeles%22,,
3,Anomaly,,seed-118,https://www.linkedin.com/search/results/people/?keywords=%22Anomaly%22%20AND%20%28%22business%20development%22%20OR%20%22new%20business%22%20OR%20%22account%20director%22%20OR%20%22client%20partner%22%20OR%20%22partnerships%22%20OR%20%22sales%22%29,https://www.google.com/search?q=site%3Alinkedin.com/in%20%22Anomaly%22%20%28%22business%20development%22%20OR%20%22new%20business%22%20OR%20%22account%20director%22%20OR%20partnerships%29%20%22Los%20Angeles%22,,
3,Anthemic Agency,,PDF-DM-IG,https://www.linkedin.com/search/results/people/?keywords=%22Anthemic%20Agency%22%20AND%20%28%22business%20development%22%20OR%20%22new%20business%22%20OR%20%22account%20director%22%20OR%20%22client%20partner%22%20OR%20%22partnerships%22%20OR%20%22sales%22%29,https://www.google.com/search?q=site%3Alinkedin.com/in%20%22Anthemic%20Agency%22%20%28%22business%20development%22%20OR%20%22new%20business%22%20OR%20%22account%20director%22%20OR%20partnerships%29%20%22Los%20Angeles%22,,
3,Architectural Plastics Inc.,,seed-118,https://www.linkedin.com/search/results/people/?keywords=%22Architectural%20Plastics%20Inc.%22%20AND%20%28%22business%20development%22%20OR%20%22new%20business%22%20OR%20%22account%20director%22%20OR%20%22client%20partner%22%20OR%20%22partnerships%22%20OR%20%22sales%22%29,https://www.google.com/search?q=site%3Alinkedin.com/in%20%22Architectural%20Plastics%20Inc.%22%20%28%22business%20development%22%20OR%20%22new%20business%22%20OR%20%22account%20director%22%20OR%20partnerships%29%20%22Los%20Angeles%22,,
3,Arsenal New York,,PDF-scraping,https://www.linkedin.com/search/results/people/?keywords=%22Arsenal%20New%20York%22%20AND%20%28%22business%20development%22%20OR%20%22new%20business%22%20OR%20%22account%20director%22%20OR%20%22client%20partner%22%20OR%20%22partnerships%22%20OR%20%22sales%22%29,https://www.google.com/search?q=site%3Alinkedin.com/in%20%22Arsenal%20New%20York%22%20%28%22business%20development%22%20OR%20%22new%20business%22%20OR%20%22account%20director%22%20OR%20partnerships%29%20%22Los%20Angeles%22,,
3,BRDG Studios,,PDF-scraping,https://www.linkedin.com/search/results/people/?keywords=%22BRDG%20Studios%22%20AND%20%28%22business%20development%22%20OR%20%22new%20business%22%20OR%20%22account%20director%22%20OR%20%22client%20partner%22%20OR%20%22partnerships%22%20OR%20%22sales%22%29,https://www.google.com/search?q=site%3Alinkedin.com/in%20%22BRDG%20Studios%22%20%28%22business%20development%22%20OR%20%22new%20business%22%20OR%20%22account%20director%22%20OR%20partnerships%29%20%22Los%20Angeles%22,,
3,BY_Overnight,,PDF-scraping,https://www.linkedin.com/search/results/people/?keywords=%22BY_Overnight%22%20AND%20%28%22business%20development%22%20OR%20%22new%20business%22%20OR%20%22account%20director%22%20OR%20%22client%20partner%22%20OR%20%22partnerships%22%20OR%20%22sales%22%29,https://www.google.com/search?q=site%3Alinkedin.com/in%20%22BY_Overnight%22%20%28%22business%20development%22%20OR%20%22new%20business%22%20OR%20%22account%20director%22%20OR%20partnerships%29%20%22Los%20Angeles%22,,
3,C. O'Neil Productions,,PDF-scraping,https://www.linkedin.com/search/results/people/?keywords=%22C.%20O%27Neil%20Productions%22%20AND%20%28%22business%20development%22%20OR%20%22new%20business%22%20OR%20%22account%20director%22%20OR%20%22client%20partner%22%20OR%20%22partnerships%22%20OR%20%22sales%22%29,https://www.google.com/search?q=site%3Alinkedin.com/in%20%22C.%20O%27Neil%20Productions%22%20%28%22business%20development%22%20OR%20%22new%20business%22%20OR%20%22account%20director%22%20OR%20partnerships%29%20%22Los%20Angeles%22,,
3,CNC Experiences,,PDF-DM-IG,https://www.linkedin.com/search/results/people/?keywords=%22CNC%20Experiences%22%20AND%20%28%22business%20development%22%20OR%20%22new%20business%22%20OR%20%22account%20director%22%20OR%20%22client%20partner%22%20OR%20%22partnerships%22%20OR%20%22sales%22%29,https://www.google.com/search?q=site%3Alinkedin.com/in%20%22CNC%20Experiences%22%20%28%22business%20development%22%20OR%20%22new%20business%22%20OR%20%22account%20director%22%20OR%20partnerships%29%20%22Los%20Angeles%22,,
3,Cheil USA,,seed-118,https://www.linkedin.com/search/results/people/?keywords=%22Cheil%20USA%22%20AND%20%28%22business%20development%22%20OR%20%22new%20business%22%20OR%20%22account%20director%22%20OR%20%22client%20partner%22%20OR%20%22partnerships%22%20OR%20%22sales%22%29,https://www.google.com/search?q=site%3Alinkedin.com/in%20%22Cheil%20USA%22%20%28%22business%20development%22%20OR%20%22new%20business%22%20OR%20%22account%20director%22%20OR%20partnerships%29%20%22Los%20Angeles%22,,
3,Cognition Labs,,PDF-scraping,https://www.linkedin.com/search/results/people/?keywords=%22Cognition%20Labs%22%20AND%20%28%22business%20development%22%20OR%20%22new%20business%22%20OR%20%22account%20director%22%20OR%20%22client%20partner%22%20OR%20%22partnerships%22%20OR%20%22sales%22%29,https://www.google.com/search?q=site%3Alinkedin.com/in%20%22Cognition%20Labs%22%20%28%22business%20development%22%20OR%20%22new%20business%22%20OR%20%22account%20director%22%20OR%20partnerships%29%20%22Los%20Angeles%22,,
3,Conill Advertising,,seed-118,https://www.linkedin.com/search/results/people/?keywords=%22Conill%20Advertising%22%20AND%20%28%22business%20development%22%20OR%20%22new%20business%22%20OR%20%22account%20director%22%20OR%20%22client%20partner%22%20OR%20%22partnerships%22%20OR%20%22sales%22%29,https://www.google.com/search?q=site%3Alinkedin.com/in%20%22Conill%20Advertising%22%20%28%22business%20development%22%20OR%20%22new%20business%22%20OR%20%22account%20director%22%20OR%20partnerships%29%20%22Los%20Angeles%22,,
3,Cool Shit,,PDF-scraping,https://www.linkedin.com/search/results/people/?keywords=%22Cool%20Shit%22%20AND%20%28%22business%20development%22%20OR%20%22new%20business%22%20OR%20%22account%20director%22%20OR%20%22client%20partner%22%20OR%20%22partnerships%22%20OR%20%22sales%22%29,https://www.google.com/search?q=site%3Alinkedin.com/in%20%22Cool%20Shit%22%20%28%22business%20development%22%20OR%20%22new%20business%22%20OR%20%22account%20director%22%20OR%20partnerships%29%20%22Los%20Angeles%22,,
3,Create Fabricate,,PDF-scraping,https://www.linkedin.com/search/results/people/?keywords=%22Create%20Fabricate%22%20AND%20%28%22business%20development%22%20OR%20%22new%20business%22%20OR%20%22account%20director%22%20OR%20%22client%20partner%22%20OR%20%22partnerships%22%20OR%20%22sales%22%29,https://www.google.com/search?q=site%3Alinkedin.com/in%20%22Create%20Fabricate%22%20%28%22business%20development%22%20OR%20%22new%20business%22%20OR%20%22account%20director%22%20OR%20partnerships%29%20%22Los%20Angeles%22,,
3,Creative Artists Agency,,seed-118,https://www.linkedin.com/search/results/people/?keywords=%22Creative%20Artists%20Agency%22%20AND%20%28%22business%20development%22%20OR%20%22new%20business%22%20OR%20%22account%20director%22%20OR%20%22client%20partner%22%20OR%20%22partnerships%22%20OR%20%22sales%22%29,https://www.google.com/search?q=site%3Alinkedin.com/in%20%22Creative%20Artists%20Agency%22%20%28%22business%20development%22%20OR%20%22new%20business%22%20OR%20%22account%20director%22%20OR%20partnerships%29%20%22Los%20Angeles%22,,
3,DBXS Marketing,,seed-118,https://www.linkedin.com/search/results/people/?keywords=%22DBXS%20Marketing%22%20AND%20%28%22business%20development%22%20OR%20%22new%20business%22%20OR%20%22account%20director%22%20OR%20%22client%20partner%22%20OR%20%22partnerships%22%20OR%20%22sales%22%29,https://www.google.com/search?q=site%3Alinkedin.com/in%20%22DBXS%20Marketing%22%20%28%22business%20development%22%20OR%20%22new%20business%22%20OR%20%22account%20director%22%20OR%20partnerships%29%20%22Los%20Angeles%22,,
3,DE-YAN,,PDF-scraping,https://www.linkedin.com/search/results/people/?keywords=%22DE-YAN%22%20AND%20%28%22business%20development%22%20OR%20%22new%20business%22%20OR%20%22account%20director%22%20OR%20%22client%20partner%22%20OR%20%22partnerships%22%20OR%20%22sales%22%29,https://www.google.com/search?q=site%3Alinkedin.com/in%20%22DE-YAN%22%20%28%22business%20development%22%20OR%20%22new%20business%22%20OR%20%22account%20director%22%20OR%20partnerships%29%20%22Los%20Angeles%22,,
3,Damminger Productions,,seed-118,https://www.linkedin.com/search/results/people/?keywords=%22Damminger%20Productions%22%20AND%20%28%22business%20development%22%20OR%20%22new%20business%22%20OR%20%22account%20director%22%20OR%20%22client%20partner%22%20OR%20%22partnerships%22%20OR%20%22sales%22%29,https://www.google.com/search?q=site%3Alinkedin.com/in%20%22Damminger%20Productions%22%20%28%22business%20development%22%20OR%20%22new%20business%22%20OR%20%22account%20director%22%20OR%20partnerships%29%20%22Los%20Angeles%22,,
3,Dark Barrel Media,,seed-118,https://www.linkedin.com/search/results/people/?keywords=%22Dark%20Barrel%20Media%22%20AND%20%28%22business%20development%22%20OR%20%22new%20business%22%20OR%20%22account%20director%22%20OR%20%22client%20partner%22%20OR%20%22partnerships%22%20OR%20%22sales%22%29,https://www.google.com/search?q=site%3Alinkedin.com/in%20%22Dark%20Barrel%20Media%22%20%28%22business%20development%22%20OR%20%22new%20business%22%20OR%20%22account%20director%22%20OR%20partnerships%29%20%22Los%20Angeles%22,,
3,David & Goliath,,seed-118,https://www.linkedin.com/search/results/people/?keywords=%22David%20%26%20Goliath%22%20AND%20%28%22business%20development%22%20OR%20%22new%20business%22%20OR%20%22account%20director%22%20OR%20%22client%20partner%22%20OR%20%22partnerships%22%20OR%20%22sales%22%29,https://www.google.com/search?q=site%3Alinkedin.com/in%20%22David%20%26%20Goliath%22%20%28%22business%20development%22%20OR%20%22new%20business%22%20OR%20%22account%20director%22%20OR%20partnerships%29%20%22Los%20Angeles%22,,
3,De La Revolucion,,seed-118,https://www.linkedin.com/search/results/people/?keywords=%22De%20La%20Revolucion%22%20AND%20%28%22business%20development%22%20OR%20%22new%20business%22%20OR%20%22account%20director%22%20OR%20%22client%20partner%22%20OR%20%22partnerships%22%20OR%20%22sales%22%29,https://www.google.com/search?q=site%3Alinkedin.com/in%20%22De%20La%20Revolucion%22%20%28%22business%20development%22%20OR%20%22new%20business%22%20OR%20%22account%20director%22%20OR%20partnerships%29%20%22Los%20Angeles%22,,
3,EBMG (Sports),,seed-118,https://www.linkedin.com/search/results/people/?keywords=%22EBMG%20%28Sports%29%22%20AND%20%28%22business%20development%22%20OR%20%22new%20business%22%20OR%20%22account%20director%22%20OR%20%22client%20partner%22%20OR%20%22partnerships%22%20OR%20%22sales%22%29,https://www.google.com/search?q=site%3Alinkedin.com/in%20%22EBMG%20%28Sports%29%22%20%28%22business%20development%22%20OR%20%22new%20business%22%20OR%20%22account%20director%22%20OR%20partnerships%29%20%22Los%20Angeles%22,,
3,Enormous Horsepower,,seed-118,https://www.linkedin.com/search/results/people/?keywords=%22Enormous%20Horsepower%22%20AND%20%28%22business%20development%22%20OR%20%22new%20business%22%20OR%20%22account%20director%22%20OR%20%22client%20partner%22%20OR%20%22partnerships%22%20OR%20%22sales%22%29,https://www.google.com/search?q=site%3Alinkedin.com/in%20%22Enormous%20Horsepower%22%20%28%22business%20development%22%20OR%20%22new%20business%22%20OR%20%22account%20director%22%20OR%20partnerships%29%20%22Los%20Angeles%22,,
3,Envy Create,,PDF-DM-IG,https://www.linkedin.com/search/results/people/?keywords=%22Envy%20Create%22%20AND%20%28%22business%20development%22%20OR%20%22new%20business%22%20OR%20%22account%20director%22%20OR%20%22client%20partner%22%20OR%20%22partnerships%22%20OR%20%22sales%22%29,https://www.google.com/search?q=site%3Alinkedin.com/in%20%22Envy%20Create%22%20%28%22business%20development%22%20OR%20%22new%20business%22%20OR%20%22account%20director%22%20OR%20partnerships%29%20%22Los%20Angeles%22,,
3,Erre Studio,,PDF-scraping,https://www.linkedin.com/search/results/people/?keywords=%22Erre%20Studio%22%20AND%20%28%22business%20development%22%20OR%20%22new%20business%22%20OR%20%22account%20director%22%20OR%20%22client%20partner%22%20OR%20%22partnerships%22%20OR%20%22sales%22%29,https://www.google.com/search?q=site%3Alinkedin.com/in%20%22Erre%20Studio%22%20%28%22business%20development%22%20OR%20%22new%20business%22%20OR%20%22account%20director%22%20OR%20partnerships%29%20%22Los%20Angeles%22,,
3,Experience Lab,,PDF-scraping,https://www.linkedin.com/search/results/people/?keywords=%22Experience%20Lab%22%20AND%20%28%22business%20development%22%20OR%20%22new%20business%22%20OR%20%22account%20director%22%20OR%20%22client%20partner%22%20OR%20%22partnerships%22%20OR%20%22sales%22%29,https://www.google.com/search?q=site%3Alinkedin.com/in%20%22Experience%20Lab%22%20%28%22business%20development%22%20OR%20%22new%20business%22%20OR%20%22account%20director%22%20OR%20partnerships%29%20%22Los%20Angeles%22,,
3,Exposure America,,PDF-scraping,https://www.linkedin.com/search/results/people/?keywords=%22Exposure%20America%22%20AND%20%28%22business%20development%22%20OR%20%22new%20business%22%20OR%20%22account%20director%22%20OR%20%22client%20partner%22%20OR%20%22partnerships%22%20OR%20%22sales%22%29,https://www.google.com/search?q=site%3Alinkedin.com/in%20%22Exposure%20America%22%20%28%22business%20development%22%20OR%20%22new%20business%22%20OR%20%22account%20director%22%20OR%20partnerships%29%20%22Los%20Angeles%22,,
3,Finn Partners,,seed-118,https://www.linkedin.com/search/results/people/?keywords=%22Finn%20Partners%22%20AND%20%28%22business%20development%22%20OR%20%22new%20business%22%20OR%20%22account%20director%22%20OR%20%22client%20partner%22%20OR%20%22partnerships%22%20OR%20%22sales%22%29,https://www.google.com/search?q=site%3Alinkedin.com/in%20%22Finn%20Partners%22%20%28%22business%20development%22%20OR%20%22new%20business%22%20OR%20%22account%20director%22%20OR%20partnerships%29%20%22Los%20Angeles%22,,
3,GALE,,seed-118,https://www.linkedin.com/search/results/people/?keywords=%22GALE%22%20AND%20%28%22business%20development%22%20OR%20%22new%20business%22%20OR%20%22account%20director%22%20OR%20%22client%20partner%22%20OR%20%22partnerships%22%20OR%20%22sales%22%29,https://www.google.com/search?q=site%3Alinkedin.com/in%20%22GALE%22%20%28%22business%20development%22%20OR%20%22new%20business%22%20OR%20%22account%20director%22%20OR%20partnerships%29%20%22Los%20Angeles%22,,
3,GUT,,seed-118,https://www.linkedin.com/search/results/people/?keywords=%22GUT%22%20AND%20%28%22business%20development%22%20OR%20%22new%20business%22%20OR%20%22account%20director%22%20OR%20%22client%20partner%22%20OR%20%22partnerships%22%20OR%20%22sales%22%29,https://www.google.com/search?q=site%3Alinkedin.com/in%20%22GUT%22%20%28%22business%20development%22%20OR%20%22new%20business%22%20OR%20%22account%20director%22%20OR%20partnerships%29%20%22Los%20Angeles%22,,
3,Ghoul Design Studio,,PDF-scraping,https://www.linkedin.com/search/results/people/?keywords=%22Ghoul%20Design%20Studio%22%20AND%20%28%22business%20development%22%20OR%20%22new%20business%22%20OR%20%22account%20director%22%20OR%20%22client%20partner%22%20OR%20%22partnerships%22%20OR%20%22sales%22%29,https://www.google.com/search?q=site%3Alinkedin.com/in%20%22Ghoul%20Design%20Studio%22%20%28%22business%20development%22%20OR%20%22new%20business%22%20OR%20%22account%20director%22%20OR%20partnerships%29%20%22Los%20Angeles%22,,
3,Gradient,,seed-118,https://www.linkedin.com/search/results/people/?keywords=%22Gradient%22%20AND%20%28%22business%20development%22%20OR%20%22new%20business%22%20OR%20%22account%20director%22%20OR%20%22client%20partner%22%20OR%20%22partnerships%22%20OR%20%22sales%22%29,https://www.google.com/search?q=site%3Alinkedin.com/in%20%22Gradient%22%20%28%22business%20development%22%20OR%20%22new%20business%22%20OR%20%22account%20director%22%20OR%20partnerships%29%20%22Los%20Angeles%22,,
3,Gradient Experience,,PDF-DM-IG,https://www.linkedin.com/search/results/people/?keywords=%22Gradient%20Experience%22%20AND%20%28%22business%20development%22%20OR%20%22new%20business%22%20OR%20%22account%20director%22%20OR%20%22client%20partner%22%20OR%20%22partnerships%22%20OR%20%22sales%22%29,https://www.google.com/search?q=site%3Alinkedin.com/in%20%22Gradient%20Experience%22%20%28%22business%20development%22%20OR%20%22new%20business%22%20OR%20%22account%20director%22%20OR%20partnerships%29%20%22Los%20Angeles%22,,
3,H+ Creative,,PDF-DM-IG,https://www.linkedin.com/search/results/people/?keywords=%22H%2B%20Creative%22%20AND%20%28%22business%20development%22%20OR%20%22new%20business%22%20OR%20%22account%20director%22%20OR%20%22client%20partner%22%20OR%20%22partnerships%22%20OR%20%22sales%22%29,https://www.google.com/search?q=site%3Alinkedin.com/in%20%22H%2B%20Creative%22%20%28%22business%20development%22%20OR%20%22new%20business%22%20OR%20%22account%20director%22%20OR%20partnerships%29%20%22Los%20Angeles%22,,
3,HPlus Creative,,seed-118,https://www.linkedin.com/search/results/people/?keywords=%22HPlus%20Creative%22%20AND%20%28%22business%20development%22%20OR%20%22new%20business%22%20OR%20%22account%20director%22%20OR%20%22client%20partner%22%20OR%20%22partnerships%22%20OR%20%22sales%22%29,https://www.google.com/search?q=site%3Alinkedin.com/in%20%22HPlus%20Creative%22%20%28%22business%20development%22%20OR%20%22new%20business%22%20OR%20%22account%20director%22%20OR%20partnerships%29%20%22Los%20Angeles%22,,
3,HXM,,PDF-DM-IG,https://www.linkedin.com/search/results/people/?keywords=%22HXM%22%20AND%20%28%22business%20development%22%20OR%20%22new%20business%22%20OR%20%22account%20director%22%20OR%20%22client%20partner%22%20OR%20%22partnerships%22%20OR%20%22sales%22%29,https://www.google.com/search?q=site%3Alinkedin.com/in%20%22HXM%22%20%28%22business%20development%22%20OR%20%22new%20business%22%20OR%20%22account%20director%22%20OR%20partnerships%29%20%22Los%20Angeles%22,,
3,HYGO,,seed-118,https://www.linkedin.com/search/results/people/?keywords=%22HYGO%22%20AND%20%28%22business%20development%22%20OR%20%22new%20business%22%20OR%20%22account%20director%22%20OR%20%22client%20partner%22%20OR%20%22partnerships%22%20OR%20%22sales%22%29,https://www.google.com/search?q=site%3Alinkedin.com/in%20%22HYGO%22%20%28%22business%20development%22%20OR%20%22new%20business%22%20OR%20%22account%20director%22%20OR%20partnerships%29%20%22Los%20Angeles%22,,
3,Haley Bergman Creative,,seed-118,https://www.linkedin.com/search/results/people/?keywords=%22Haley%20Bergman%20Creative%22%20AND%20%28%22business%20development%22%20OR%20%22new%20business%22%20OR%20%22account%20director%22%20OR%20%22client%20partner%22%20OR%20%22partnerships%22%20OR%20%22sales%22%29,https://www.google.com/search?q=site%3Alinkedin.com/in%20%22Haley%20Bergman%20Creative%22%20%28%22business%20development%22%20OR%20%22new%20business%22%20OR%20%22account%20director%22%20OR%20partnerships%29%20%22Los%20Angeles%22,,
3,Hawke Media,,seed-118,https://www.linkedin.com/search/results/people/?keywords=%22Hawke%20Media%22%20AND%20%28%22business%20development%22%20OR%20%22new%20business%22%20OR%20%22account%20director%22%20OR%20%22client%20partner%22%20OR%20%22partnerships%22%20OR%20%22sales%22%29,https://www.google.com/search?q=site%3Alinkedin.com/in%20%22Hawke%20Media%22%20%28%22business%20development%22%20OR%20%22new%20business%22%20OR%20%22account%20director%22%20OR%20partnerships%29%20%22Los%20Angeles%22,,
3,Huge,,seed-118,https://www.linkedin.com/search/results/people/?keywords=%22Huge%22%20AND%20%28%22business%20development%22%20OR%20%22new%20business%22%20OR%20%22account%20director%22%20OR%20%22client%20partner%22%20OR%20%22partnerships%22%20OR%20%22sales%22%29,https://www.google.com/search?q=site%3Alinkedin.com/in%20%22Huge%22%20%28%22business%20development%22%20OR%20%22new%20business%22%20OR%20%22account%20director%22%20OR%20partnerships%29%20%22Los%20Angeles%22,,
3,IGO Productions,,PDF-scraping,https://www.linkedin.com/search/results/people/?keywords=%22IGO%20Productions%22%20AND%20%28%22business%20development%22%20OR%20%22new%20business%22%20OR%20%22account%20director%22%20OR%20%22client%20partner%22%20OR%20%22partnerships%22%20OR%20%22sales%22%29,https://www.google.com/search?q=site%3Alinkedin.com/in%20%22IGO%20Productions%22%20%28%22business%20development%22%20OR%20%22new%20business%22%20OR%20%22account%20director%22%20OR%20partnerships%29%20%22Los%20Angeles%22,,
3,INNOCEAN USA,,seed-118,https://www.linkedin.com/search/results/people/?keywords=%22INNOCEAN%20USA%22%20AND%20%28%22business%20development%22%20OR%20%22new%20business%22%20OR%20%22account%20director%22%20OR%20%22client%20partner%22%20OR%20%22partnerships%22%20OR%20%22sales%22%29,https://www.google.com/search?q=site%3Alinkedin.com/in%20%22INNOCEAN%20USA%22%20%28%22business%20development%22%20OR%20%22new%20business%22%20OR%20%22account%20director%22%20OR%20partnerships%29%20%22Los%20Angeles%22,,
3,Ideko Productions (NYC),,PDF-scraping,https://www.linkedin.com/search/results/people/?keywords=%22Ideko%20Productions%20%28NYC%29%22%20AND%20%28%22business%20development%22%20OR%20%22new%20business%22%20OR%20%22account%20director%22%20OR%20%22client%20partner%22%20OR%20%22partnerships%22%20OR%20%22sales%22%29,https://www.google.com/search?q=site%3Alinkedin.com/in%20%22Ideko%20Productions%20%28NYC%29%22%20%28%22business%20development%22%20OR%20%22new%20business%22%20OR%20%22account%20director%22%20OR%20partnerships%29%20%22Los%20Angeles%22,,
3,MWD Creative,,PDF-DM-IG,https://www.linkedin.com/search/results/people/?keywords=%22MWD%20Creative%22%20AND%20%28%22business%20development%22%20OR%20%22new%20business%22%20OR%20%22account%20director%22%20OR%20%22client%20partner%22%20OR%20%22partnerships%22%20OR%20%22sales%22%29,https://www.google.com/search?q=site%3Alinkedin.com/in%20%22MWD%20Creative%22%20%28%22business%20development%22%20OR%20%22new%20business%22%20OR%20%22account%20director%22%20OR%20partnerships%29%20%22Los%20Angeles%22,,
3,Media.Monks,,seed-118,https://www.linkedin.com/search/results/people/?keywords=%22Media.Monks%22%20AND%20%28%22business%20development%22%20OR%20%22new%20business%22%20OR%20%22account%20director%22%20OR%20%22client%20partner%22%20OR%20%22partnerships%22%20OR%20%22sales%22%29,https://www.google.com/search?q=site%3Alinkedin.com/in%20%22Media.Monks%22%20%28%22business%20development%22%20OR%20%22new%20business%22%20OR%20%22account%20director%22%20OR%20partnerships%29%20%22Los%20Angeles%22,,
3,Monks,,seed-118,https://www.linkedin.com/search/results/people/?keywords=%22Monks%22%20AND%20%28%22business%20development%22%20OR%20%22new%20business%22%20OR%20%22account%20director%22%20OR%20%22client%20partner%22%20OR%20%22partnerships%22%20OR%20%22sales%22%29,https://www.google.com/search?q=site%3Alinkedin.com/in%20%22Monks%22%20%28%22business%20development%22%20OR%20%22new%20business%22%20OR%20%22account%20director%22%20OR%20partnerships%29%20%22Los%20Angeles%22,,
3,Mother,,seed-118,https://www.linkedin.com/search/results/people/?keywords=%22Mother%22%20AND%20%28%22business%20development%22%20OR%20%22new%20business%22%20OR%20%22account%20director%22%20OR%20%22client%20partner%22%20OR%20%22partnerships%22%20OR%20%22sales%22%29,https://www.google.com/search?q=site%3Alinkedin.com/in%20%22Mother%22%20%28%22business%20development%22%20OR%20%22new%20business%22%20OR%20%22account%20director%22%20OR%20partnerships%29%20%22Los%20Angeles%22,,
3,Mother LA,,PDF-DM-IG,https://www.linkedin.com/search/results/people/?keywords=%22Mother%20LA%22%20AND%20%28%22business%20development%22%20OR%20%22new%20business%22%20OR%20%22account%20director%22%20OR%20%22client%20partner%22%20OR%20%22partnerships%22%20OR%20%22sales%22%29,https://www.google.com/search?q=site%3Alinkedin.com/in%20%22Mother%20LA%22%20%28%22business%20development%22%20OR%20%22new%20business%22%20OR%20%22account%20director%22%20OR%20partnerships%29%20%22Los%20Angeles%22,,
3,Omelet,,seed-118,https://www.linkedin.com/search/results/people/?keywords=%22Omelet%22%20AND%20%28%22business%20development%22%20OR%20%22new%20business%22%20OR%20%22account%20director%22%20OR%20%22client%20partner%22%20OR%20%22partnerships%22%20OR%20%22sales%22%29,https://www.google.com/search?q=site%3Alinkedin.com/in%20%22Omelet%22%20%28%22business%20development%22%20OR%20%22new%20business%22%20OR%20%22account%20director%22%20OR%20partnerships%29%20%22Los%20Angeles%22,,
3,Omnicom Production,,seed-118,https://www.linkedin.com/search/results/people/?keywords=%22Omnicom%20Production%22%20AND%20%28%22business%20development%22%20OR%20%22new%20business%22%20OR%20%22account%20director%22%20OR%20%22client%20partner%22%20OR%20%22partnerships%22%20OR%20%22sales%22%29,https://www.google.com/search?q=site%3Alinkedin.com/in%20%22Omnicom%20Production%22%20%28%22business%20development%22%20OR%20%22new%20business%22%20OR%20%22account%20director%22%20OR%20partnerships%29%20%22Los%20Angeles%22,,
3,P+P Agency,,seed-118,https://www.linkedin.com/search/results/people/?keywords=%22P%2BP%20Agency%22%20AND%20%28%22business%20development%22%20OR%20%22new%20business%22%20OR%20%22account%20director%22%20OR%20%22client%20partner%22%20OR%20%22partnerships%22%20OR%20%22sales%22%29,https://www.google.com/search?q=site%3Alinkedin.com/in%20%22P%2BP%20Agency%22%20%28%22business%20development%22%20OR%20%22new%20business%22%20OR%20%22account%20director%22%20OR%20partnerships%29%20%22Los%20Angeles%22,,
3,PIM Group,,PDF-scraping,https://www.linkedin.com/search/results/people/?keywords=%22PIM%20Group%22%20AND%20%28%22business%20development%22%20OR%20%22new%20business%22%20OR%20%22account%20director%22%20OR%20%22client%20partner%22%20OR%20%22partnerships%22%20OR%20%22sales%22%29,https://www.google.com/search?q=site%3Alinkedin.com/in%20%22PIM%20Group%22%20%28%22business%20development%22%20OR%20%22new%20business%22%20OR%20%22account%20director%22%20OR%20partnerships%29%20%22Los%20Angeles%22,,
3,PRODJECT,,PDF-scraping,https://www.linkedin.com/search/results/people/?keywords=%22PRODJECT%22%20AND%20%28%22business%20development%22%20OR%20%22new%20business%22%20OR%20%22account%20director%22%20OR%20%22client%20partner%22%20OR%20%22partnerships%22%20OR%20%22sales%22%29,https://www.google.com/search?q=site%3Alinkedin.com/in%20%22PRODJECT%22%20%28%22business%20development%22%20OR%20%22new%20business%22%20OR%20%22account%20director%22%20OR%20partnerships%29%20%22Los%20Angeles%22,,
3,Persona Communications Group,,seed-118,https://www.linkedin.com/search/results/people/?keywords=%22Persona%20Communications%20Group%22%20AND%20%28%22business%20development%22%20OR%20%22new%20business%22%20OR%20%22account%20director%22%20OR%20%22client%20partner%22%20OR%20%22partnerships%22%20OR%20%22sales%22%29,https://www.google.com/search?q=site%3Alinkedin.com/in%20%22Persona%20Communications%20Group%22%20%28%22business%20development%22%20OR%20%22new%20business%22%20OR%20%22account%20director%22%20OR%20partnerships%29%20%22Los%20Angeles%22,,
3,Petrol Advertising,,seed-118,https://www.linkedin.com/search/results/people/?keywords=%22Petrol%20Advertising%22%20AND%20%28%22business%20development%22%20OR%20%22new%20business%22%20OR%20%22account%20director%22%20OR%20%22client%20partner%22%20OR%20%22partnerships%22%20OR%20%22sales%22%29,https://www.google.com/search?q=site%3Alinkedin.com/in%20%22Petrol%20Advertising%22%20%28%22business%20development%22%20OR%20%22new%20business%22%20OR%20%22account%20director%22%20OR%20partnerships%29%20%22Los%20Angeles%22,,
3,Pop Up Mob,,PDF-scraping,https://www.linkedin.com/search/results/people/?keywords=%22Pop%20Up%20Mob%22%20AND%20%28%22business%20development%22%20OR%20%22new%20business%22%20OR%20%22account%20director%22%20OR%20%22client%20partner%22%20OR%20%22partnerships%22%20OR%20%22sales%22%29,https://www.google.com/search?q=site%3Alinkedin.com/in%20%22Pop%20Up%20Mob%22%20%28%22business%20development%22%20OR%20%22new%20business%22%20OR%20%22account%20director%22%20OR%20partnerships%29%20%22Los%20Angeles%22,,
3,Premier Staff,,PDF-scraping,https://www.linkedin.com/search/results/people/?keywords=%22Premier%20Staff%22%20AND%20%28%22business%20development%22%20OR%20%22new%20business%22%20OR%20%22account%20director%22%20OR%20%22client%20partner%22%20OR%20%22partnerships%22%20OR%20%22sales%22%29,https://www.google.com/search?q=site%3Alinkedin.com/in%20%22Premier%20Staff%22%20%28%22business%20development%22%20OR%20%22new%20business%22%20OR%20%22account%20director%22%20OR%20partnerships%29%20%22Los%20Angeles%22,,
3,Promo 360 Group,,PDF-DM-IG,https://www.linkedin.com/search/results/people/?keywords=%22Promo%20360%20Group%22%20AND%20%28%22business%20development%22%20OR%20%22new%20business%22%20OR%20%22account%20director%22%20OR%20%22client%20partner%22%20OR%20%22partnerships%22%20OR%20%22sales%22%29,https://www.google.com/search?q=site%3Alinkedin.com/in%20%22Promo%20360%20Group%22%20%28%22business%20development%22%20OR%20%22new%20business%22%20OR%20%22account%20director%22%20OR%20partnerships%29%20%22Los%20Angeles%22,,
3,RPA,,seed-118,https://www.linkedin.com/search/results/people/?keywords=%22RPA%22%20AND%20%28%22business%20development%22%20OR%20%22new%20business%22%20OR%20%22account%20director%22%20OR%20%22client%20partner%22%20OR%20%22partnerships%22%20OR%20%22sales%22%29,https://www.google.com/search?q=site%3Alinkedin.com/in%20%22RPA%22%20%28%22business%20development%22%20OR%20%22new%20business%22%20OR%20%22account%20director%22%20OR%20partnerships%29%20%22Los%20Angeles%22,,
3,Rebel Road Studios,,PDF-DM-IG,https://www.linkedin.com/search/results/people/?keywords=%22Rebel%20Road%20Studios%22%20AND%20%28%22business%20development%22%20OR%20%22new%20business%22%20OR%20%22account%20director%22%20OR%20%22client%20partner%22%20OR%20%22partnerships%22%20OR%20%22sales%22%29,https://www.google.com/search?q=site%3Alinkedin.com/in%20%22Rebel%20Road%20Studios%22%20%28%22business%20development%22%20OR%20%22new%20business%22%20OR%20%22account%20director%22%20OR%20partnerships%29%20%22Los%20Angeles%22,,
3,Rescue Agency,,seed-118,https://www.linkedin.com/search/results/people/?keywords=%22Rescue%20Agency%22%20AND%20%28%22business%20development%22%20OR%20%22new%20business%22%20OR%20%22account%20director%22%20OR%20%22client%20partner%22%20OR%20%22partnerships%22%20OR%20%22sales%22%29,https://www.google.com/search?q=site%3Alinkedin.com/in%20%22Rescue%20Agency%22%20%28%22business%20development%22%20OR%20%22new%20business%22%20OR%20%22account%20director%22%20OR%20partnerships%29%20%22Los%20Angeles%22,,
3,Resist Comfort,,seed-118,https://www.linkedin.com/search/results/people/?keywords=%22Resist%20Comfort%22%20AND%20%28%22business%20development%22%20OR%20%22new%20business%22%20OR%20%22account%20director%22%20OR%20%22client%20partner%22%20OR%20%22partnerships%22%20OR%20%22sales%22%29,https://www.google.com/search?q=site%3Alinkedin.com/in%20%22Resist%20Comfort%22%20%28%22business%20development%22%20OR%20%22new%20business%22%20OR%20%22account%20director%22%20OR%20partnerships%29%20%22Los%20Angeles%22,,
3,Saatchi & Saatchi,,seed-118,https://www.linkedin.com/search/results/people/?keywords=%22Saatchi%20%26%20Saatchi%22%20AND%20%28%22business%20development%22%20OR%20%22new%20business%22%20OR%20%22account%20director%22%20OR%20%22client%20partner%22%20OR%20%22partnerships%22%20OR%20%22sales%22%29,https://www.google.com/search?q=site%3Alinkedin.com/in%20%22Saatchi%20%26%20Saatchi%22%20%28%22business%20development%22%20OR%20%22new%20business%22%20OR%20%22account%20director%22%20OR%20partnerships%29%20%22Los%20Angeles%22,,
3,Schema Agency,,seed-118,https://www.linkedin.com/search/results/people/?keywords=%22Schema%20Agency%22%20AND%20%28%22business%20development%22%20OR%20%22new%20business%22%20OR%20%22account%20director%22%20OR%20%22client%20partner%22%20OR%20%22partnerships%22%20OR%20%22sales%22%29,https://www.google.com/search?q=site%3Alinkedin.com/in%20%22Schema%20Agency%22%20%28%22business%20development%22%20OR%20%22new%20business%22%20OR%20%22account%20director%22%20OR%20partnerships%29%20%22Los%20Angeles%22,,
3,Sherpa 42,,PDF-scraping,https://www.linkedin.com/search/results/people/?keywords=%22Sherpa%2042%22%20AND%20%28%22business%20development%22%20OR%20%22new%20business%22%20OR%20%22account%20director%22%20OR%20%22client%20partner%22%20OR%20%22partnerships%22%20OR%20%22sales%22%29,https://www.google.com/search?q=site%3Alinkedin.com/in%20%22Sherpa%2042%22%20%28%22business%20development%22%20OR%20%22new%20business%22%20OR%20%22account%20director%22%20OR%20partnerships%29%20%22Los%20Angeles%22,,
3,Some Place Good,,seed-118,https://www.linkedin.com/search/results/people/?keywords=%22Some%20Place%20Good%22%20AND%20%28%22business%20development%22%20OR%20%22new%20business%22%20OR%20%22account%20director%22%20OR%20%22client%20partner%22%20OR%20%22partnerships%22%20OR%20%22sales%22%29,https://www.google.com/search?q=site%3Alinkedin.com/in%20%22Some%20Place%20Good%22%20%28%22business%20development%22%20OR%20%22new%20business%22%20OR%20%22account%20director%22%20OR%20partnerships%29%20%22Los%20Angeles%22,,
3,Spacecube,,seed-118,https://www.linkedin.com/search/results/people/?keywords=%22Spacecube%22%20AND%20%28%22business%20development%22%20OR%20%22new%20business%22%20OR%20%22account%20director%22%20OR%20%22client%20partner%22%20OR%20%22partnerships%22%20OR%20%22sales%22%29,https://www.google.com/search?q=site%3Alinkedin.com/in%20%22Spacecube%22%20%28%22business%20development%22%20OR%20%22new%20business%22%20OR%20%22account%20director%22%20OR%20partnerships%29%20%22Los%20Angeles%22,,
3,Starch Creative,,PDF-scraping,https://www.linkedin.com/search/results/people/?keywords=%22Starch%20Creative%22%20AND%20%28%22business%20development%22%20OR%20%22new%20business%22%20OR%20%22account%20director%22%20OR%20%22client%20partner%22%20OR%20%22partnerships%22%20OR%20%22sales%22%29,https://www.google.com/search?q=site%3Alinkedin.com/in%20%22Starch%20Creative%22%20%28%22business%20development%22%20OR%20%22new%20business%22%20OR%20%22account%20director%22%20OR%20partnerships%29%20%22Los%20Angeles%22,,
3,Stickerfarmer,,seed-118,https://www.linkedin.com/search/results/people/?keywords=%22Stickerfarmer%22%20AND%20%28%22business%20development%22%20OR%20%22new%20business%22%20OR%20%22account%20director%22%20OR%20%22client%20partner%22%20OR%20%22partnerships%22%20OR%20%22sales%22%29,https://www.google.com/search?q=site%3Alinkedin.com/in%20%22Stickerfarmer%22%20%28%22business%20development%22%20OR%20%22new%20business%22%20OR%20%22account%20director%22%20OR%20partnerships%29%20%22Los%20Angeles%22,,
3,Sunset Studios,,seed-118,https://www.linkedin.com/search/results/people/?keywords=%22Sunset%20Studios%22%20AND%20%28%22business%20development%22%20OR%20%22new%20business%22%20OR%20%22account%20director%22%20OR%20%22client%20partner%22%20OR%20%22partnerships%22%20OR%20%22sales%22%29,https://www.google.com/search?q=site%3Alinkedin.com/in%20%22Sunset%20Studios%22%20%28%22business%20development%22%20OR%20%22new%20business%22%20OR%20%22account%20director%22%20OR%20partnerships%29%20%22Los%20Angeles%22,,
3,TEN Advertising,,seed-118,https://www.linkedin.com/search/results/people/?keywords=%22TEN%20Advertising%22%20AND%20%28%22business%20development%22%20OR%20%22new%20business%22%20OR%20%22account%20director%22%20OR%20%22client%20partner%22%20OR%20%22partnerships%22%20OR%20%22sales%22%29,https://www.google.com/search?q=site%3Alinkedin.com/in%20%22TEN%20Advertising%22%20%28%22business%20development%22%20OR%20%22new%20business%22%20OR%20%22account%20director%22%20OR%20partnerships%29%20%22Los%20Angeles%22,,
3,Team One,,seed-118,https://www.linkedin.com/search/results/people/?keywords=%22Team%20One%22%20AND%20%28%22business%20development%22%20OR%20%22new%20business%22%20OR%20%22account%20director%22%20OR%20%22client%20partner%22%20OR%20%22partnerships%22%20OR%20%22sales%22%29,https://www.google.com/search?q=site%3Alinkedin.com/in%20%22Team%20One%22%20%28%22business%20development%22%20OR%20%22new%20business%22%20OR%20%22account%20director%22%20OR%20partnerships%29%20%22Los%20Angeles%22,,
3,The Designtist Group,,seed-118,https://www.linkedin.com/search/results/people/?keywords=%22The%20Designtist%20Group%22%20AND%20%28%22business%20development%22%20OR%20%22new%20business%22%20OR%20%22account%20director%22%20OR%20%22client%20partner%22%20OR%20%22partnerships%22%20OR%20%22sales%22%29,https://www.google.com/search?q=site%3Alinkedin.com/in%20%22The%20Designtist%20Group%22%20%28%22business%20development%22%20OR%20%22new%20business%22%20OR%20%22account%20director%22%20OR%20partnerships%29%20%22Los%20Angeles%22,,
3,The Factory NYC,,PDF-scraping,https://www.linkedin.com/search/results/people/?keywords=%22The%20Factory%20NYC%22%20AND%20%28%22business%20development%22%20OR%20%22new%20business%22%20OR%20%22account%20director%22%20OR%20%22client%20partner%22%20OR%20%22partnerships%22%20OR%20%22sales%22%29,https://www.google.com/search?q=site%3Alinkedin.com/in%20%22The%20Factory%20NYC%22%20%28%22business%20development%22%20OR%20%22new%20business%22%20OR%20%22account%20director%22%20OR%20partnerships%29%20%22Los%20Angeles%22,,
3,The Manual London,,PDF-DM-IG,https://www.linkedin.com/search/results/people/?keywords=%22The%20Manual%20London%22%20AND%20%28%22business%20development%22%20OR%20%22new%20business%22%20OR%20%22account%20director%22%20OR%20%22client%20partner%22%20OR%20%22partnerships%22%20OR%20%22sales%22%29,https://www.google.com/search?q=site%3Alinkedin.com/in%20%22The%20Manual%20London%22%20%28%22business%20development%22%20OR%20%22new%20business%22%20OR%20%22account%20director%22%20OR%20partnerships%29%20%22Los%20Angeles%22,,
3,Treehouse,,seed-118,https://www.linkedin.com/search/results/people/?keywords=%22Treehouse%22%20AND%20%28%22business%20development%22%20OR%20%22new%20business%22%20OR%20%22account%20director%22%20OR%20%22client%20partner%22%20OR%20%22partnerships%22%20OR%20%22sales%22%29,https://www.google.com/search?q=site%3Alinkedin.com/in%20%22Treehouse%22%20%28%22business%20development%22%20OR%20%22new%20business%22%20OR%20%22account%20director%22%20OR%20partnerships%29%20%22Los%20Angeles%22,,
3,Treehouse Fabrication,,PDF-scraping,https://www.linkedin.com/search/results/people/?keywords=%22Treehouse%20Fabrication%22%20AND%20%28%22business%20development%22%20OR%20%22new%20business%22%20OR%20%22account%20director%22%20OR%20%22client%20partner%22%20OR%20%22partnerships%22%20OR%20%22sales%22%29,https://www.google.com/search?q=site%3Alinkedin.com/in%20%22Treehouse%20Fabrication%22%20%28%22business%20development%22%20OR%20%22new%20business%22%20OR%20%22account%20director%22%20OR%20partnerships%29%20%22Los%20Angeles%22,,
3,Unfold Agency,,seed-118,https://www.linkedin.com/search/results/people/?keywords=%22Unfold%20Agency%22%20AND%20%28%22business%20development%22%20OR%20%22new%20business%22%20OR%20%22account%20director%22%20OR%20%22client%20partner%22%20OR%20%22partnerships%22%20OR%20%22sales%22%29,https://www.google.com/search?q=site%3Alinkedin.com/in%20%22Unfold%20Agency%22%20%28%22business%20development%22%20OR%20%22new%20business%22%20OR%20%22account%20director%22%20OR%20partnerships%29%20%22Los%20Angeles%22,,
3,United Talent Agency,,seed-118,https://www.linkedin.com/search/results/people/?keywords=%22United%20Talent%20Agency%22%20AND%20%28%22business%20development%22%20OR%20%22new%20business%22%20OR%20%22account%20director%22%20OR%20%22client%20partner%22%20OR%20%22partnerships%22%20OR%20%22sales%22%29,https://www.google.com/search?q=site%3Alinkedin.com/in%20%22United%20Talent%20Agency%22%20%28%22business%20development%22%20OR%20%22new%20business%22%20OR%20%22account%20director%22%20OR%20partnerships%29%20%22Los%20Angeles%22,,
3,Unobtainium Agency,,PDF-scraping,https://www.linkedin.com/search/results/people/?keywords=%22Unobtainium%20Agency%22%20AND%20%28%22business%20development%22%20OR%20%22new%20business%22%20OR%20%22account%20director%22%20OR%20%22client%20partner%22%20OR%20%22partnerships%22%20OR%20%22sales%22%29,https://www.google.com/search?q=site%3Alinkedin.com/in%20%22Unobtainium%20Agency%22%20%28%22business%20development%22%20OR%20%22new%20business%22%20OR%20%22account%20director%22%20OR%20partnerships%29%20%22Los%20Angeles%22,,
3,VIVO Productions,,PDF-scraping,https://www.linkedin.com/search/results/people/?keywords=%22VIVO%20Productions%22%20AND%20%28%22business%20development%22%20OR%20%22new%20business%22%20OR%20%22account%20director%22%20OR%20%22client%20partner%22%20OR%20%22partnerships%22%20OR%20%22sales%22%29,https://www.google.com/search?q=site%3Alinkedin.com/in%20%22VIVO%20Productions%22%20%28%22business%20development%22%20OR%20%22new%20business%22%20OR%20%22account%20director%22%20OR%20partnerships%29%20%22Los%20Angeles%22,,
3,Vacation,,seed-118,https://www.linkedin.com/search/results/people/?keywords=%22Vacation%22%20AND%20%28%22business%20development%22%20OR%20%22new%20business%22%20OR%20%22account%20director%22%20OR%20%22client%20partner%22%20OR%20%22partnerships%22%20OR%20%22sales%22%29,https://www.google.com/search?q=site%3Alinkedin.com/in%20%22Vacation%22%20%28%22business%20development%22%20OR%20%22new%20business%22%20OR%20%22account%20director%22%20OR%20partnerships%29%20%22Los%20Angeles%22,,
3,Vayner Media,,seed-118,https://www.linkedin.com/search/results/people/?keywords=%22Vayner%20Media%22%20AND%20%28%22business%20development%22%20OR%20%22new%20business%22%20OR%20%22account%20director%22%20OR%20%22client%20partner%22%20OR%20%22partnerships%22%20OR%20%22sales%22%29,https://www.google.com/search?q=site%3Alinkedin.com/in%20%22Vayner%20Media%22%20%28%22business%20development%22%20OR%20%22new%20business%22%20OR%20%22account%20director%22%20OR%20partnerships%29%20%22Los%20Angeles%22,,
3,Wasserman,,seed-118,https://www.linkedin.com/search/results/people/?keywords=%22Wasserman%22%20AND%20%28%22business%20development%22%20OR%20%22new%20business%22%20OR%20%22account%20director%22%20OR%20%22client%20partner%22%20OR%20%22partnerships%22%20OR%20%22sales%22%29,https://www.google.com/search?q=site%3Alinkedin.com/in%20%22Wasserman%22%20%28%22business%20development%22%20OR%20%22new%20business%22%20OR%20%22account%20director%22%20OR%20partnerships%29%20%22Los%20Angeles%22,,
3,XD Agency,,PDF-DM-IG,https://www.linkedin.com/search/results/people/?keywords=%22XD%20Agency%22%20AND%20%28%22business%20development%22%20OR%20%22new%20business%22%20OR%20%22account%20director%22%20OR%20%22client%20partner%22%20OR%20%22partnerships%22%20OR%20%22sales%22%29,https://www.google.com/search?q=site%3Alinkedin.com/in%20%22XD%20Agency%22%20%28%22business%20development%22%20OR%20%22new%20business%22%20OR%20%22account%20director%22%20OR%20partnerships%29%20%22Los%20Angeles%22,,
3,YULIA,,seed-118,https://www.linkedin.com/search/results/people/?keywords=%22YULIA%22%20AND%20%28%22business%20development%22%20OR%20%22new%20business%22%20OR%20%22account%20director%22%20OR%20%22client%20partner%22%20OR%20%22partnerships%22%20OR%20%22sales%22%29,https://www.google.com/search?q=site%3Alinkedin.com/in%20%22YULIA%22%20%28%22business%20development%22%20OR%20%22new%20business%22%20OR%20%22account%20director%22%20OR%20partnerships%29%20%22Los%20Angeles%22,,
